{"sjetVRGT2_SV1_efracsvx": -0.44386664032936096, "sjetVRGT2_IP3D_pb": 0.024137932807207108, "sjetVRGT1_SV1_NGTinSvx": 1.7891416549682617, "sjetVRGT2_JetFitter_deltaeta": -4.478964328765869, "sjetVR1_JetFitter_deltaeta": -2.3238799571990967, "sjetVR3_rnnip_pu": 0.6309347748756409, "sjetVRGT3_rnnip_pu": 0.6309347748756409, "sjetVRGT2_IP3D_pu": 1897188.0, "fjet_ZCut12": 0.19590076804161072, "sjetVR2_JetFitter_deltaeta": -4.478964328765869, "sjetVRGT3_eta": -0.001032908447086811, "sjetVR3_SV1_masssvx": 211.4305419921875, "sjetVRGT2_SV1_NGTinSvx": 0.7536500096321106, "fjet_Split23": 19344.30078125, "sjetVR2_JetFitter_N2Tpair": 1.6975066661834717, "sjetVR1_JetFitter_N2Tpair": 3.110384941101074, "sjetVR2_JetFitter_massUncorr": 571.482666015625, "sjetVRGT2_rnnip_pc": 0.15751095116138458, "sjetVRGT1_IP3D_pc": 620627.1875, "sjetVRGT1_IP3D_pb": 0.010363494977355003, "sjetVRGT2_IP3D_pc": 1897188.0, "sjetVRGT3_SV1_Lxy": -86.33306121826172, "sjetVR1_JetFitter_dRFlightDir": -2.3079490661621094, "sjetVR2_JetFitter_mass": 1198.2474365234375, "sjetVRGT2_pt": 94500.890625, "sjetVRGT3_dr": 0.4442588686943054, "sjetVR3_JetFitter_nSingleTracks": -0.3257983326911926, "sjetVRGT3_JetFitter_energyFraction": 0.12352021783590317, "sjetVRGT3_pt": 30166.466796875, "sjetVRGT3_SV1_N2Tpair": -0.6278550028800964, "sjetVRGT1_IP3D_pu": 620627.1875, "sjetVRGT3_SV1_L3d": -85.8463363647461, "sjetVRGT2_JetFitter_N2Tpair": 1.6975066661834717, "sjetVRGT3_IP2D_pb": 0.036798834800720215, "sjetVRGT1_SV1_L3d": -33.05218505859375, "sjetVRGT3_rnnip_pc": 0.15676411986351013, "sjetVRGT3_rnnip_pb": 0.16137808561325073, "sjetVRGT1_SV1_dstToMatLay": 4.423417568206787, "sjetVRGT3_SV1_significance3d": 3.787421941757202, "fjet_mass": 138326.171875, "sjetVRGT3_JetFitter_N2Tpair": 0.0252766665071249, "sjetVR3_JetFitter_nTracksAtVtx": -0.18377499282360077, "sjetVR3_IP3D_pb": 0.0366104319691658, "sjetVR3_IP3D_pc": 5016722.0, "sjetVR2_rnnip_ptau": 0.03540557250380516, "sjetVR2_SV1_masssvx": 749.4083251953125, "sjetVRGT2_dphi": 0.0001486192486481741, "sjetVR1_SV1_efracsvx": -0.23387274146080017, "fjet_e3": 0.0019876533187925816, "sjetVR2_SV1_dstToMatLay": 3.940692186355591, "sjetVR3_SV1_Lxy": -86.33306121826172, "sjetVRGT2_SV1_deltaR": 0.017282560467720032, "fjet_Split12": 70096.4296875, "sjetVR3_dphi": -0.0003370530903339386, "fjet_KtDR": 0.5105289220809937, "sjetVR2_SV1_significance3d": 15.244283676147461, "sjetVR2_SV1_L3d": -57.831329345703125, "sjetVR2_SV1_efracsvx": -0.44386664032936096, "sjetVR1_SV1_deltaR": 0.01426777709275484, "sjetVRGT2_JetFitter_nTracksAtVtx": 1.0907983779907227, "sjetVR1_JetFitter_nVTX": 0.7090950012207031, "sjetVR2_SV1_pu": 0.64174485206604, "sjetVRGT1_JetFitter_massUncorr": 967.7078247070312, "sjetVRGT2_SV1_N2Tpair": 1.1930333375930786, "sjetVRGT2_JetFitter_mass": 1198.2474365234375, "sjetVRGT2_JetFitter_significance3d": 10.974468231201172, "sjetVR2_SV1_pb": 0.18628980219364166, "sjetVR2_SV1_pc": 0.45212188363075256, "sjetVRGT1_SV1_significance3d": 23.56785774230957, "sjetVRGT3_deta": 0.00025496038142591715, "sjetVRGT1_SV1_deltaR": 0.01426777709275484, "sjetVR3_SV1_efracsvx": -0.8024179339408875, "sjetVR2_JetFitter_nTracksAtVtx": 1.0907983779907227, "sjetVR3_JetFitter_nVTX": -0.33790498971939087, "sjetVRGT1_SV1_efracsvx": -0.23387274146080017, "sjetVR1_eta": -0.00013440585462376475, "sjetVR3_rnnip_pb": 0.16137808561325073, "sjetVRGT3_IP2D_pu": 5016722.0, "sjetVRGT1_pt": 708336.8125, "sjetVRGT1_rnnip_pu": 0.487155944108963, "sjetVRGT1_JetFitter_dRFlightDir": -2.3079490661621094, "sjetVR1_JetFitter_significance3d": 16.381288528442383, "sjetVRGT3_JetFitter_nVTX": -0.33790498971939087, "sjetVR2_SV1_N2Tpair": 1.1930333375930786, "sjetVR1_rnnip_ptau": 0.020970260724425316, "sjetVR1_SV1_L3d": -33.05218505859375, "sjetVRGT1_eta": -0.00013440585462376475, "sjetVRGT3_IP2D_pc": 5016722.0, "sjetVR1_SV1_masssvx": 1217.9443359375, "sjetVRGT1_rnnip_pc": 0.16947795450687408, "sjetVRGT1_rnnip_pb": 0.32179927825927734, "sjetVR1_SV1_Lxy": -37.608543395996094, "sjetVRGT3_SV1_masssvx": 211.4305419921875, "sjetVR2_JetFitter_nVTX": 0.36384332180023193, "sjetVR3_JetFitter_mass": 440.04388427734375, "sjetVR3_IP2D_pc": 5016722.0, "sjetVR3_IP2D_pb": 0.036798834800720215, "sjetVR2_JetFitter_dRFlightDir": -4.457581043243408, "sjetVR3_SV1_dstToMatLay": 1.2213410139083862, "sjetVR3_IP2D_pu": 5016722.0, "sjetVR2_JetFitter_significance3d": 10.974468231201172, "sjetVR1_pt": 708336.8125, "sjetVRGT3_JetFitter_nSingleTracks": -0.3257983326911926, "sjetVRGT2_rnnip_ptau": 0.03540557250380516, "sjetVR3_SV1_N2Tpair": -0.6278550028800964, "sjetVRGT2_SV1_masssvx": 749.4083251953125, "sjetVRGT1_JetFitter_mass": 2198.052490234375, "sjetVRGT3_SV1_efracsvx": -0.8024179339408875, "sjetVR3_JetFitter_energyFraction": 0.12352021783590317, "sjetVRGT2_JetFitter_nVTX": 0.36384332180023193, "sjetVRGT1_deta": -4.482616077439161e-06, "sjetVRGT2_SV1_pc": 0.45212188363075256, "sjetVRGT2_SV1_pb": 0.18628980219364166, "sjetVRGT3_JetFitter_deltaphi": -7.042611122131348, "sjetVR1_SV1_dstToMatLay": 4.423417568206787, "fjet_D2": 2.374298572540283, "sjetVRGT2_SV1_pu": 0.64174485206604, "sjetVRGT1_rnnip_ptau": 0.020970260724425316, "sjetVRGT2_SV1_significance3d": 15.244283676147461, "sjetVRGT3_rnnip_ptau": 0.045890919864177704, "sjetVRGT2_SV1_dstToMatLay": 3.940692186355591, "sjetVRGT2_SV1_Lxy": -59.74996566772461, "sjetVR2_rnnip_pu": 0.5210351347923279, "sjetVR1_deta": -4.482616077439161e-06, "sjetVRGT2_JetFitter_dRFlightDir": -4.457581043243408, "sjetVRGT2_SV1_L3d": -57.831329345703125, "sjetVRGT2_dr": 0.3145780861377716, "sjetVR3_JetFitter_dRFlightDir": -7.021878242492676, "fjet_Aplanarity": -6634.8115234375, "fjet_eta": -2.7349522497388534e-05, "sjetVR1_IP3D_pu": 620627.1875, "sjetVRGT2_JetFitter_deltaphi": -4.479055404663086, "sjetVR2_rnnip_pc": 0.15751095116138458, "sjetVR2_rnnip_pb": 0.28414133191108704, "sjetVRGT3_SV1_NGTinSvx": -0.6653450131416321, "sjetVR3_eta": -0.001032908447086811, "sjetVRGT2_JetFitter_massUncorr": 571.482666015625, "sjetVR1_JetFitter_mass": 2198.052490234375, "sjetVRGT2_JetFitter_energyFraction": 0.268054723739624, "sjetVRGT1_JetFitter_nVTX": 0.7090950012207031, "fjet_Tau32_wta": 0.5257828831672668, "sjetVRGT3_JetFitter_deltaeta": -7.042212009429932, "sjetVR1_IP3D_pb": 0.010363494977355003, "sjetVR1_IP3D_pc": 620627.1875, "sjetVRGT1_SV1_N2Tpair": 2.4951915740966797, "sjetVR3_deta": 0.00025496038142591715, "sjetVRGT1_JetFitter_deltaphi": -2.323951244354248, "sjetVR3_rnnip_pc": 0.15676411986351013, "sjetVR1_SV1_pu": 0.5038563013076782, "sjetVRGT3_SV1_pu": 0.8573762774467468, "sjetVR3_SV1_pu": 0.8573762774467468, "fjet_PlanarFlow": 0.4177548587322235, "sjetVRGT3_IP3D_pu": 5016722.0, "sjetVR3_dr": 0.4442588686943054, "sjetVRGT1_IP2D_pu": 620627.1875, "sjetVR3_SV1_pc": 0.5991700291633606, "sjetVR2_dphi": 0.0001486192486481741, "sjetVR1_SV1_pc": 0.35531526803970337, "sjetVR1_SV1_pb": 0.17023292183876038, "sjetVRGT2_deta": -0.0003230147995054722, "sjetVR2_IP3D_pc": 1897188.0, "sjetVR2_IP3D_pb": 0.024137932807207108, "sjetVRGT1_IP2D_pb": 0.010208160616457462, "sjetVRGT1_IP2D_pc": 620627.1875, "sjetVRGT3_IP3D_pc": 5016722.0, "sjetVRGT3_IP3D_pb": 0.0366104319691658, "sjetVR2_SV1_NGTinSvx": 0.7536500096321106, "sjetVR3_JetFitter_deltaphi": -7.042611122131348, "sjetVR3_JetFitter_massUncorr": 200.05670166015625, "sjetVRGT1_JetFitter_nSingleTracks": 0.6342599987983704, "sjetVR1_SV1_significance3d": 23.56785774230957, "sjetVR3_SV1_NGTinSvx": -0.6653450131416321, "sjetVR1_SV1_N2Tpair": 2.4951915740966797, "sjetVR3_SV1_pb": 0.2110213190317154, "fjet_Tau21_wta": 0.38430055975914, "sjetVR2_dr": 0.3145780861377716, "sjetVRGT2_eta": -0.00018497538985684514, "sjetVR1_JetFitter_deltaphi": -2.323951244354248, "sjetVRGT3_SV1_deltaR": 0.01059037446975708, "sjetVR2_IP3D_pu": 1897188.0, "sjetVR1_rnnip_pu": 0.487155944108963, "sjetVR1_IP2D_pu": 620627.1875, "sjetVR3_IP3D_pu": 5016722.0, "sjetVR2_deta": -0.0003230147995054722, "sjetVR3_rnnip_ptau": 0.045890919864177704, "sjetVR1_JetFitter_energyFraction": 0.373908132314682,